EMP ID,Address,Sales Per Year
EMP001,"754 Main St, City_1",117380.18
EMP002,"214 Main St, City_2",283769.95
EMP003,"125 Main St, City_3",149930.47
EMP004,"859 Main St, City_4",468918.15
EMP005,"381 Main St, City_5",131520.08
EMP006,"350 Main St, City_6",217271.31
EMP007,"328 Main St, City_7",351455.92
EMP008,"242 Main St, City_8",454180.7
EMP009,"854 Main St, City_9",244654.01
EMP010,"204 Main St, City_10",176915.44
EMP011,"792 Main St, City_11",127822.06
EMP012,"858 Main St, City_12",364505.33
EMP013,"658 Main St, City_13",409227.34
EMP014,"189 Main St, City_14",494088.61
EMP015,"704 Main St, City_15",442127.09
EMP016,"532 Main St, City_16",446593.47
EMP017,"132 Main St, City_17",252050.49
EMP018,"130 Main St, City_18",281364.12
EMP019,"195 Main St, City_19",433644.17
EMP020,"323 Main St, City_20",165061.64
