EMP ID,Name,Average Salary Per Year
EMP001,Employee_1,66286.26
EMP002,Employee_2,92141.31
EMP003,Employee_3,89287.15
EMP004,Employee_4,100121.37
EMP005,Employee_5,99092.75
EMP006,Employee_6,79366.39
EMP007,Employee_7,81444.63
EMP008,Employee_8,69473.35
EMP009,Employee_9,110851.02
EMP010,Employee_10,103116.52
EMP011,Employee_11,61176.15
EMP012,Employee_12,79583.01
EMP013,Employee_13,69450.99
EMP014,Employee_14,65071.96
EMP015,Employee_15,103444.59
EMP016,Employee_16,57154.72
EMP017,Employee_17,76594.91
EMP018,Employee_18,75128.56
EMP019,Employee_19,74076.9
EMP020,Employee_20,68516.46
