Emp_ID,Branch_code,Branchname,Sales,Year
16,B3,Branch_B3,9924,2018
7,B3,Branch_B3,1518,2020
12,B4,Branch_B4,9708,2018
8,B1,Branch_B1,7420,2019
20,B5,Branch_B5,2393,2020
9,B2,Branch_B2,3305,2018
16,B3,Branch_B3,3973,2021
17,B3,Branch_B3,8288,2019
2,B2,Branch_B2,2823,2020
20,B5,Branch_B5,9671,2021
9,B2,Branch_B2,2249,2021
14,B4,Branch_B4,3755,2019
3,B1,Branch_B1,9926,2018
6,B2,Branch_B2,4144,2020
16,B3,Branch_B3,7482,2018
10,B3,Branch_B3,7419,2020
4,B4,Branch_B4,3154,2020
1,B3,Branch_B3,2272,2020
13,B4,Branch_B4,7114,2020
7,B3,Branch_B3,9942,2019
